{
  "epsilon_table": {
    "0": 0.27117932054533905,
    "1": 0.2984849850697796,
    "2": 0.2377501280016556,
    "3": 0.18200892841496064,
    "4": 0.14308529121697156,
    "5": 0.11761070727812314,
    "6": 0.11264226378376878,
    "7": 0.1215240458247618,
    "8": 0.11942968568149955,
    "9": 0.14867588152483205
  },
  "bucket_boundaries": [
    1.0,
    18.0,
    39.0,
    65.0,
    96.0,
    132.0,
    176.0,
    231.0,
    308.0,
    435.0,
    1717.0
  ],
  "n_buckets": 10,
  "confidence_delta": 0.05
}