{
  "a0.05_eps3_aci_g0.05": {
    "alpha": 0.05,
    "eps_mult": 3,
    "aci_gamma": 0.05,
    "prefix_fpr": 0.05623836126629423,
    "traditional_fpr": 0.01772324471710975,
    "power": 0.8185550082101807,
    "leakage": 64.83424908424908,
    "pir": 0.029283212340714515,
    "n_fp": 151,
    "n_tp": 997,
    "n_fn": 96,
    "n_safe": 1467,
    "n_harmful": 1218
  },
  "a0.05_eps3_aci_g0.01": {
    "alpha": 0.05,
    "eps_mult": 3,
    "aci_gamma": 0.01,
    "prefix_fpr": 0.0595903165735568,
    "traditional_fpr": 0.016359918200409,
    "power": 0.8136288998357963,
    "leakage": 62.41628122109158,
    "pir": 0.030785230366433686,
    "n_fp": 160,
    "n_tp": 991,
    "n_fn": 91,
    "n_safe": 1467,
    "n_harmful": 1218
  },
  "a0.10_eps3_aci_g0.01": {
    "alpha": 0.1,
    "eps_mult": 3,
    "aci_gamma": 0.01,
    "prefix_fpr": 0.06256983240223464,
    "traditional_fpr": 0.018404907975460124,
    "power": 0.8103448275862069,
    "leakage": 60.75185873605948,
    "pir": 0.026651078166426395,
    "n_fp": 168,
    "n_tp": 987,
    "n_fn": 90,
    "n_safe": 1467,
    "n_harmful": 1218
  },
  "a0.10_eps3_aci_g0.05": {
    "alpha": 0.1,
    "eps_mult": 3,
    "aci_gamma": 0.05,
    "prefix_fpr": 0.05735567970204842,
    "traditional_fpr": 0.0190865712338105,
    "power": 0.8177339901477833,
    "leakage": 64.91750687442713,
    "pir": 0.02816139916995378,
    "n_fp": 154,
    "n_tp": 996,
    "n_fn": 96,
    "n_safe": 1467,
    "n_harmful": 1218
  },
  "a0.10_eps2_aci_g0.05": {
    "alpha": 0.1,
    "eps_mult": 2,
    "aci_gamma": 0.05,
    "prefix_fpr": 0.07150837988826815,
    "traditional_fpr": 0.021813224267211998,
    "power": 0.8004926108374384,
    "leakage": 57.053926206244086,
    "pir": 0.029656749395116137,
    "n_fp": 192,
    "n_tp": 975,
    "n_fn": 83,
    "n_safe": 1467,
    "n_harmful": 1218
  },
  "a0.05_eps3": {
    "alpha": 0.05,
    "eps_mult": 3,
    "aci_gamma": null,
    "prefix_fpr": 0.07076350093109869,
    "traditional_fpr": 0.015678254942058625,
    "power": 0.7939244663382594,
    "leakage": 57.62380952380953,
    "pir": 0.033604194997900176,
    "n_fp": 190,
    "n_tp": 967,
    "n_fn": 84,
    "n_safe": 1467,
    "n_harmful": 1218
  },
  "a0.10_eps3": {
    "alpha": 0.1,
    "eps_mult": 3,
    "aci_gamma": null,
    "prefix_fpr": 0.07337057728119181,
    "traditional_fpr": 0.015678254942058625,
    "power": 0.7955665024630542,
    "leakage": 54.58676893576222,
    "pir": 0.029959339957593763,
    "n_fp": 197,
    "n_tp": 969,
    "n_fn": 75,
    "n_safe": 1467,
    "n_harmful": 1218
  }
}