{
  "0.01": {
    "eps_x1": {
      "prefix_fpr": 0.09944134078212291,
      "power": 0.7504105090311987,
      "leakage": 43.77663934426229,
      "pir": 0.04509668274768755
    },
    "eps_x3": {
      "prefix_fpr": 0.061452513966480445,
      "power": 0.8087027914614121,
      "leakage": 62.00465549348231,
      "pir": 0.04011966028243764
    },
    "aci_g0.001": {
      "prefix_fpr": 0.08156424581005586,
      "power": 0.7873563218390804,
      "leakage": 48.482421875,
      "pir": 0.051241676718933614,
      "final_alpha_t": 0.001,
      "aci_empirical_fpr": 0.13192771084337349
    },
    "aci_g0.005": {
      "prefix_fpr": 0.0808193668528864,
      "power": 0.7881773399014779,
      "leakage": 48.36975609756097,
      "pir": 0.05083143872149469,
      "final_alpha_t": 0.001,
      "aci_empirical_fpr": 0.1308016877637131
    },
    "aci_g0.01": {
      "prefix_fpr": 0.08156424581005586,
      "power": 0.7873563218390804,
      "leakage": 48.173828125,
      "pir": 0.04997559715713287,
      "final_alpha_t": 0.001,
      "aci_empirical_fpr": 0.13192771084337349
    },
    "aci_g0.02": {
      "prefix_fpr": 0.08156424581005586,
      "power": 0.7873563218390804,
      "leakage": 48.0966796875,
      "pir": 0.0486933037143544,
      "final_alpha_t": 0.001,
      "aci_empirical_fpr": 0.13192771084337349
    },
    "aci_g0.05": {
      "prefix_fpr": 0.08268156424581005,
      "power": 0.7857142857142857,
      "leakage": 48.285714285714285,
      "pir": 0.04748053416700659,
      "final_alpha_t": 0.001,
      "aci_empirical_fpr": 0.13357400722021662
    }
  },
  "0.05": {
    "eps_x1": {
      "prefix_fpr": 0.12216014897579143,
      "power": 0.7060755336617406,
      "leakage": 41.846237731733915,
      "pir": 0.03801192564082699
    },
    "eps_x3": {
      "prefix_fpr": 0.07076350093109869,
      "power": 0.7939244663382594,
      "leakage": 57.62380952380953,
      "pir": 0.033604194997900176
    },
    "aci_g0.001": {
      "prefix_fpr": 0.09459962756052141,
      "power": 0.764367816091954,
      "leakage": 46.42713567839196,
      "pir": 0.04203900223636542,
      "final_alpha_t": 0.001,
      "aci_empirical_fpr": 0.15038484310242747
    },
    "aci_g0.005": {
      "prefix_fpr": 0.09124767225325885,
      "power": 0.7733990147783252,
      "leakage": 47.80536246276068,
      "pir": 0.04127622533053335,
      "final_alpha_t": 0.001,
      "aci_empirical_fpr": 0.14609421586165772
    },
    "aci_g0.01": {
      "prefix_fpr": 0.09162011173184358,
      "power": 0.7725779967159278,
      "leakage": 47.601990049751244,
      "pir": 0.03993696262093233,
      "final_alpha_t": 0.001,
      "aci_empirical_fpr": 0.14651578320428826
    },
    "aci_g0.02": {
      "prefix_fpr": 0.09162011173184358,
      "power": 0.7742200328407225,
      "leakage": 47.48361469712016,
      "pir": 0.037968662299800046,
      "final_alpha_t": 0.001,
      "aci_empirical_fpr": 0.14669051878354203
    },
    "aci_g0.05": {
      "prefix_fpr": 0.0919925512104283,
      "power": 0.7766830870279147,
      "leakage": 46.913690476190474,
      "pir": 0.036946338930633926,
      "final_alpha_t": 0.001,
      "aci_empirical_fpr": 0.1473747016706444
    }
  },
  "0.1": {
    "eps_x1": {
      "prefix_fpr": 0.13482309124767225,
      "power": 0.6896551724137931,
      "leakage": 38.384441939120634,
      "pir": 0.033891105544799044
    },
    "eps_x3": {
      "prefix_fpr": 0.07337057728119181,
      "power": 0.7955665024630542,
      "leakage": 54.58676893576222,
      "pir": 0.029959339957593763
    },
    "aci_g0.001": {
      "prefix_fpr": 0.11769087523277467,
      "power": 0.7257799671592775,
      "leakage": 41.62433297758805,
      "pir": 0.03564686353605842,
      "final_alpha_t": 0.001,
      "aci_empirical_fpr": 0.180881511161992
    },
    "aci_g0.005": {
      "prefix_fpr": 0.1106145251396648,
      "power": 0.7405582922824302,
      "leakage": 43.67954070981211,
      "pir": 0.03246124712919656,
      "final_alpha_t": 0.001,
      "aci_empirical_fpr": 0.17207415990730013
    },
    "aci_g0.01": {
      "prefix_fpr": 0.10465549348230913,
      "power": 0.7545155993431856,
      "leakage": 45.2655771195097,
      "pir": 0.031629341780095285,
      "final_alpha_t": 0.001,
      "aci_empirical_fpr": 0.16480938416422286
    },
    "aci_g0.02": {
      "prefix_fpr": 0.10093109869646183,
      "power": 0.7610837438423645,
      "leakage": 46.43377148634985,
      "pir": 0.03189413398103026,
      "final_alpha_t": 0.001,
      "aci_empirical_fpr": 0.15988200589970503
    },
    "aci_g0.05": {
      "prefix_fpr": 0.09720670391061452,
      "power": 0.770935960591133,
      "leakage": 46.84915084915085,
      "pir": 0.03205460420796389,
      "final_alpha_t": 0.001,
      "aci_empirical_fpr": 0.15508021390374332
    }
  },
  "0.15": {
    "eps_x1": {
      "prefix_fpr": 0.14376163873370576,
      "power": 0.6748768472906403,
      "leakage": 36.42263279445727,
      "pir": 0.03147083021511046
    },
    "eps_x3": {
      "prefix_fpr": 0.0782122905027933,
      "power": 0.7898193760262726,
      "leakage": 52.880582524271844,
      "pir": 0.027082027626574284
    },
    "aci_g0.001": {
      "prefix_fpr": 0.1452513966480447,
      "power": 0.6732348111658456,
      "leakage": 36.59164733178654,
      "pir": 0.02933747118455646,
      "final_alpha_t": 0.03329999999999977,
      "aci_empirical_fpr": 0.21405049396267836
    },
    "aci_g0.005": {
      "prefix_fpr": 0.11657355679702049,
      "power": 0.7331691297208539,
      "leakage": 43.063424947145876,
      "pir": 0.029916378410381375,
      "final_alpha_t": 0.001,
      "aci_empirical_fpr": 0.18009205983889529
    },
    "aci_g0.01": {
      "prefix_fpr": 0.10651769087523277,
      "power": 0.7512315270935961,
      "leakage": 45.33572895277207,
      "pir": 0.030532111286274408,
      "final_alpha_t": 0.001,
      "aci_empirical_fpr": 0.1672514619883041
    },
    "aci_g0.02": {
      "prefix_fpr": 0.10204841713221602,
      "power": 0.7594417077175698,
      "leakage": 46.38297872340426,
      "pir": 0.031091134710008978,
      "final_alpha_t": 0.001,
      "aci_empirical_fpr": 0.1614614024749558
    },
    "aci_g0.05": {
      "prefix_fpr": 0.09869646182495345,
      "power": 0.7668308702791461,
      "leakage": 47.019076305220885,
      "pir": 0.03148675431606696,
      "final_alpha_t": 0.001,
      "aci_empirical_fpr": 0.15699052132701422
    }
  },
  "0.2": {
    "eps_x1": {
      "prefix_fpr": 0.148975791433892,
      "power": 0.6666666666666666,
      "leakage": 34.93544600938967,
      "pir": 0.029295492920151454
    },
    "eps_x3": {
      "prefix_fpr": 0.0808193668528864,
      "power": 0.7832512315270936,
      "leakage": 52.806451612903224,
      "pir": 0.025025047102171783
    },
    "aci_g0.001": {
      "prefix_fpr": 0.15754189944134078,
      "power": 0.6527093596059114,
      "leakage": 34.63625450180072,
      "pir": 0.02570680442416571,
      "final_alpha_t": 0.14719999999997077,
      "aci_empirical_fpr": 0.22852512155591573
    },
    "aci_g0.005": {
      "prefix_fpr": 0.12029795158286778,
      "power": 0.7282430213464697,
      "leakage": 42.82446808510638,
      "pir": 0.028983951403158056,
      "final_alpha_t": 0.001,
      "aci_empirical_fpr": 0.18520642201834864
    },
    "aci_g0.01": {
      "prefix_fpr": 0.10800744878957169,
      "power": 0.7504105090311987,
      "leakage": 44.91255144032922,
      "pir": 0.02997718922528874,
      "final_alpha_t": 0.001,
      "aci_empirical_fpr": 0.169392523364486
    },
    "aci_g0.02": {
      "prefix_fpr": 0.10242085661080075,
      "power": 0.7577996715927751,
      "leakage": 46.60953346855984,
      "pir": 0.030797804174471366,
      "final_alpha_t": 0.001,
      "aci_empirical_fpr": 0.16195524146054183
    },
    "aci_g0.05": {
      "prefix_fpr": 0.09869646182495345,
      "power": 0.7668308702791461,
      "leakage": 46.99096385542169,
      "pir": 0.031226787924357183,
      "final_alpha_t": 0.001,